video_url,prompt
https://cdn.higgsfield.ai/wan2_2_motion/3c8bda43-e0c4-4aad-af64-1025f313e485.mp4,
https://cdn.higgsfield.ai/wan2_2_motion/3c8bda43-e0c4-4aad-af64-1025f313e485.mp4,"A candid, spontaneous snapshot of a firefighter kneeling on wet concrete amid a busy fire rescue scene, wearing full worn protective gear with bright yellow reflective stripes, helmet on but no breathing mask, gently holding a small dirty white cat pressed against his chest. His eyes are dramatically crossed, the tongue teasingly sticking out, with a glistening strand of saliva dripping from its tip, evoking a deep, playful seduction. The posture leans forward slightly, shoulders relaxed and inviting. Soft natural daylight with ambient haze from smoke subtly illuminates the cracked, wet texture of the concrete and the worn fabric of the uniform, emphasizing authentic skin and fur details. The firefighter’s gaze looks forward calmly, unaware of the camera; blurred figures and water hoses in motion create a dynamic but softly diffused background. Framing is casually off-center and slightly tilted to capture the raw, heartfelt moment between human and animal, exemplifying courage and compassion in crisis, all rendered with realistic iPhone photographic qualities."
https://cdn.higgsfield.ai/wan2_2_motion/3c8bda43-e0c4-4aad-af64-1025f313e485.mp4,"A spontaneous, authentic snapshot of a victorious Formula 1 driver standing on the podium wearing a plain bright red racing suit without logos, holding a large unlabeled champagne bottle forcefully spraying, causing dynamic droplets to scatter vividly. His joyful, triumphant smile is brightly illuminated by natural outdoor daylight, highlighting realistic skin textures and damp hair strands. The scene is set against a simple green backdrop that softly contrasts without branding, capturing a raw, exuberant moment. The framing is slightly tilted and close-up, evoking genuine immediacy and casual intensity, typical of an iPhone candid photo with detailed highlights on water droplets and fabric textures."
https://cdn.higgsfield.ai/wan2_2_motion/3c8bda43-e0c4-4aad-af64-1025f313e485.mp4,"A spontaneous, candid shot taken from inside a jet cockpit framed centrally, featuring a pilot dressed in a textured flight suit and helmet without mask or visor. The transparent canopy reflects warm, golden sunset sunlight, creating natural cinematic flares and soft lens reflections typical of iPhone photography. The pilot's natural skin texture and subtle signs of focus and endurance are visible, with soft ambient light highlighting fabric details and helmet contours. The sky outside blurs subtly, conveying the sense of speed and precision flying, captured with an authentic, casual tilt and intimate framing that evokes genuine human thrill and power at high altitude."
https://cdn.higgsfield.ai/wan2_2_motion/3c8bda43-e0c4-4aad-af64-1025f313e485.mp4,
https://cdn.higgsfield.ai/wan2_2_motion/3c8bda43-e0c4-4aad-af64-1025f313e485.mp4,"In a softly glowing room veiled in delicate shadows, A soccer player in a white jersey and dark shorts kneels on the grass after sliding, his fists clenched as he pumps his arms and shouts with joy, their eyes provocatively crossed and tongue teasingly sticking out, adorned with a glistening drop of saliva at the tip. The expression radiates a tempting and hypnotic charm, merging innocence with mischievous seduction. The background remains an indistinct blur filled with soft streaks and shifting shapes that suggest restless motion and chaotic energy without showing any clear figures. The background dissolves into a dreamlike haze of warm hues and soft bokeh lights, enhancing the provocative, cinematic atmosphere."
https://cdn.higgsfield.ai/wan2_2_motion/3c8bda43-e0c4-4aad-af64-1025f313e485.mp4,"A photorealistic scene of a police officer making an arrest in daylight. A Black male police officer in a dark navy blue uniform, cap, and sunglasses is holding down a white male suspect in a short-sleeve striped shirt. The officer forcefully presses the suspect’s head against the hood of a white police car with one hand, while securing his wrist behind his back with the other, preparing to apply handcuffs. The scene is set outdoors under bright daylight with clear skies, surrounded by green trees and a rusted railway bridge in the background. The atmosphere feels tense, cinematic, and realistic, with sharp details in the uniforms, car, and environment. Officer looks at the camera"
https://cdn.higgsfield.ai/wan2_2_motion/3c8bda43-e0c4-4aad-af64-1025f313e485.mp4,
https://cdn.higgsfield.ai/wan2_2_motion/3c8bda43-e0c4-4aad-af64-1025f313e485.mp4,"A close-up, spontaneous iPhone-style portrait of a male astronaut wearing a detailed, textured space suit with a clear helmet softly reflecting the curved horizon of Earth. His face is gently illuminated by natural light, revealing authentic skin pores and a thoughtful expression mixing determination and awe, as if quietly gazing into the distance. The composition is intimate and off-centered, capturing a candid moment highlighting his human vulnerability against the dark, vast expanse beyond. The helmet's reflection and subtle shadows contribute to a natural, tactile realism, typical of high-quality iPhone photography capturing genuine emotion and texture."
https://cdn.higgsfield.ai/wan2_2_motion/3c8bda43-e0c4-4aad-af64-1025f313e485.mp4,"A highly authentic, spontaneous iPhone-style candid shot capturing a young man standing in heavy rain at night, wearing a soaked, lightweight white linen shirt clinging naturally to his body. His arms are stretched wide open and his face is lifted toward the sky with a raw expression of relief, freedom, and triumph. Cold, moody teal-green ambient lighting softly illuminates his wet skin texture and the delicate fabric grains of his drenched shirt, enhancing the dramatic atmosphere. Water droplets are visible cascading down his textured hair and damp face, adding to the genuine rain-soaked realism. The scene is shot from a slightly elevated angle, capturing vulnerability and liberation in a casual, spontaneous composition with subtle framing imperfections typical of iPhone photography. The overall tone balances cinematic mood and relatable intimacy with natural night rain lighting, delivering authentic tactile and emotional textures that feel genuinely unposed and real."
https://cdn.higgsfield.ai/wan2_2_motion/3c8bda43-e0c4-4aad-af64-1025f313e485.mp4,
https://cdn.higgsfield.ai/wan2_2_motion/3c8bda43-e0c4-4aad-af64-1025f313e485.mp4,"A spontaneous iPhone snapshot of a male mountain climber standing atop a jagged, snow-covered ridge at sunrise, eyes closed in quiet triumph. He wears a matte climbing helmet, a textured blue softshell jacket with visible fabric grains, and a well-used climbing harness with authentic wear details. The warm golden sunlight casts natural soft flares behind him, illuminating the icy ridge and distant mountain peaks with realistic highlights and shadows. The sky fades from deep twilight blue to warm orange on the horizon, enhancing the feeling of altitude and peaceful victory. The photo is taken from a slightly low angle with a casual tilt, capturing a genuine moment in nature with natural, ambient light and textures typical of candid iPhone photography."
